TractIDt,pct3bd_est,pct3bd_moe
25013801101,0.00,0.017
25025980700,1.00,4.269
25023525300,1.00,4.268
25025981502,1.00,4.267
25025010300,0.03,0.086
25017352101,0.00,0.010
25015820600,0.20,0.426
25025990101,1.00,1.322
25027732902,0.64,0.831
25025030200,0.02,0.021
25015820400,0.15,0.161
25025981800,0.81,0.852
25025010103,0.05,0.056
25001990000,999.00,999.000
25005990000,999.00,999.000
25007990000,999.00,999.000
25009990100,999.00,999.000
25015820802,999.00,999.000
25017980000,999.00,999.000
25019990000,999.00,999.000
25023990003,999.00,999.000
25025980101,999.00,999.000
25025980300,999.00,999.000
25025981000,999.00,999.000
25025981201,999.00,999.000
25025981202,999.00,999.000
25025981501,999.00,999.000
25025981600,999.00,999.000
25025981700,999.00,999.000
25027731202,999.00,999.000
25013801102,0.06,0.050
25027731700,0.04,0.031
25017353102,0.13,0.096
25025010408,0.04,0.028
25025981300,0.19,0.125
25013812903,0.79,0.524
25025020301,0.06,0.037
25025010403,0.07,0.047
25017310100,0.05,0.028
25025010203,0.03,0.017
25025020303,0.03,0.019
25025070200,0.08,0.047
25025981100,0.39,0.222
25013811700,0.10,0.051
25025010600,0.08,0.041
25009250100,0.09,0.048
25025010500,0.09,0.045
25025000504,0.09,0.043
25025070101,0.07,0.033
25015822000,0.17,0.079
25005651800,0.12,0.057
25025020302,0.11,0.052
25025060600,0.10,0.045
25025071101,0.13,0.057
25025030300,0.07,0.031
25025070800,0.10,0.045
25009206900,0.16,0.070
25025030100,0.12,0.052
25027710700,0.12,0.052
25025000503,0.08,0.036
25021417300,0.11,0.047
25025010405,0.10,0.043
25025000703,0.10,0.040
25025020200,0.10,0.040
25025010404,0.18,0.072
25005641101,0.19,0.078
25025061101,0.12,0.049
25017352200,0.13,0.053
25025160300,0.11,0.043
25025000803,0.18,0.069
25013801200,0.15,0.056
25017368500,0.18,0.068
25017341300,0.15,0.056
25025071201,0.16,0.061
25025000701,0.21,0.079
25025080401,0.18,0.068
25009251200,0.25,0.092
25025000704,0.17,0.064
25025040801,0.13,0.047
25025030400,0.18,0.064
25009206800,0.22,0.076
25025051200,0.18,0.062
25025130406,0.19,0.064
25025061200,0.12,0.042
25017352600,0.24,0.083
25025010204,0.11,0.036
25025000602,0.24,0.083
25025010104,0.10,0.034
25009260100,0.26,0.086
25025010802,0.12,0.039
25025082100,0.31,0.102
25013801902,0.24,0.081
25025010801,0.17,0.055
25017388300,0.19,0.064
25017353800,0.17,0.056
25025070900,0.18,0.058
25017342400,0.27,0.089
25017352102,0.14,0.047
25021417701,0.15,0.048
25025070700,0.23,0.076
25025050300,0.16,0.051
25023510900,0.25,0.082
25025000401,0.17,0.057
25017352300,0.11,0.037
25025060800,0.25,0.081
25025050400,0.19,0.062
25025170701,0.19,0.060
25009210800,0.24,0.077
25017351500,0.21,0.068
25021417901,0.20,0.065
25025010701,0.16,0.051
25025070300,0.15,0.047
25025030500,0.14,0.045
25027709600,0.30,0.096
25005642100,0.35,0.109
25017353500,0.25,0.077
25025020101,0.19,0.060
25025170501,0.18,0.055
25005641000,0.29,0.089
25017368700,0.32,0.097
25025081300,0.29,0.088
25017382601,0.16,0.049
25003900100,0.20,0.060
25025070600,0.31,0.093
25025081001,0.26,0.080
25017311400,0.22,0.066
25015821200,0.55,0.167
25017353900,0.21,0.061
25005642000,0.34,0.101
25009206700,0.32,0.095
25025010702,0.17,0.051
25009260200,0.31,0.091
25025060400,0.25,0.072
25017339801,0.19,0.056
25009251100,0.27,0.078
25025081800,0.32,0.093
25017354100,0.21,0.060
25005651700,0.31,0.091
25017383101,0.30,0.088
25017351300,0.27,0.079
25017311200,0.39,0.112
25021418003,0.23,0.066
25005651900,0.29,0.082
25009206100,0.25,0.071
25025160502,0.32,0.090
25017350300,0.28,0.080
25017355000,0.23,0.064
25005630101,0.27,0.075
25025170502,0.29,0.080
25017383400,0.41,0.115
25017353700,0.18,0.052
25017370300,0.26,0.072
25009207200,0.36,0.101
25021417601,0.44,0.122
25017354900,0.21,0.058
25025070500,0.17,0.047
25017352500,0.33,0.090
25021456301,0.40,0.110
25025080801,0.40,0.111
25009207000,0.22,0.059
25025180101,0.22,0.059
25025050600,0.32,0.087
25021418101,0.31,0.084
25017354600,0.25,0.069
25025050500,0.29,0.080
25009217400,0.27,0.073
25025160400,0.21,0.057
25027757300,0.29,0.079
25025080300,0.47,0.128
25013811500,0.31,0.085
25025170702,0.43,0.116
25017311900,0.30,0.080
25023561200,0.64,0.174
25025110103,0.38,0.101
25013800800,0.27,0.071
25017310300,0.42,0.112
25027731600,0.29,0.077
25025160601,0.32,0.086
25009204200,0.34,0.090
25025120104,0.27,0.072
25009221500,0.22,0.058
25005631400,0.30,0.079
25013802000,0.38,0.101
25013812202,0.24,0.063
25017352700,0.29,0.077
25017340000,0.33,0.087
25027731203,0.34,0.089
25017341102,0.23,0.061
25025000502,0.11,0.029
25017369000,0.28,0.073
25001015300,0.26,0.067
25025040100,0.24,0.062
25021417802,0.35,0.091
25009204300,0.30,0.078
25009206000,0.31,0.078
25005641300,0.38,0.097
25025060501,0.30,0.076
25025100601,0.37,0.093
25025060301,0.27,0.070
25015821903,0.20,0.051
25017350104,0.32,0.082
25013810901,0.29,0.073
25009251000,0.48,0.120
25025080500,0.33,0.084
25025081100,0.21,0.052
25021400800,0.25,0.063
25025050901,0.38,0.095
25025040401,0.36,0.092
25017350700,0.22,0.056
25025000301,0.40,0.100
25005641200,0.32,0.081
25017368300,0.32,0.081
25023511000,0.52,0.131
25005641500,0.38,0.094
25017341901,0.51,0.127
25009250900,0.35,0.087
25017336401,0.26,0.064
25005631600,0.44,0.109
25023510502,0.27,0.066
25025061000,0.32,0.080
25017353000,0.21,0.051
25025050200,0.41,0.100
25027707200,0.32,0.079
25025000802,0.33,0.081
25005651300,0.29,0.071
25005613800,0.39,0.096
25021400100,0.33,0.081
25025081400,0.28,0.069
25025070402,0.19,0.047
25017350500,0.41,0.099
25025120700,0.30,0.074
25013812001,0.38,0.093
25005631500,0.49,0.118
25025100603,0.36,0.087
25015822402,0.29,0.069
25027732001,0.40,0.097
25025080601,0.30,0.072
25017354300,0.28,0.067
25013801901,0.40,0.095
25013800600,0.44,0.104
25021418002,0.26,0.063
25025060101,0.28,0.066
25017368902,0.22,0.052
25017351204,0.27,0.064
25003900200,0.32,0.075
25025082000,0.38,0.090
25003921400,0.39,0.092
25027730401,0.33,0.077
25009204500,0.29,0.069
25009260900,0.52,0.123
25025081200,0.41,0.097
25027730500,0.27,0.064
25025050700,0.33,0.076
25013801503,0.48,0.111
25025120201,0.20,0.047
25017357600,0.41,0.095
25025110502,0.36,0.083
25025160200,0.43,0.101
25023510300,0.42,0.099
25017353400,0.35,0.082
25021400200,0.36,0.083
25013800102,0.36,0.083
25025040600,0.32,0.076
25017311800,0.58,0.136
25021400900,0.29,0.067
25017356100,0.35,0.081
25025110201,0.34,0.079
25027731500,0.34,0.078
25009206200,0.42,0.097
25017350103,0.41,0.094
25025170400,0.37,0.085
25025080100,0.42,0.097
25005613901,0.38,0.087
25005640901,0.39,0.089
25017383102,0.32,0.074
25025140201,0.47,0.108
25017339802,0.27,0.062
25025140106,0.31,0.071
25017341200,0.38,0.087
25013812702,0.31,0.070
25027732203,0.32,0.074
25017353200,0.27,0.061
25025110401,0.45,0.101
25013812300,0.33,0.076
25011041300,0.32,0.071
25009250800,0.46,0.103
25017341800,0.37,0.082
25005641900,0.33,0.073
25027716300,0.31,0.068
25013810601,0.37,0.082
25017353101,0.32,0.070
25027731400,0.39,0.087
25009204701,0.27,0.061
25017341400,0.39,0.087
25021417902,0.43,0.095
25023511400,0.54,0.120
25025120400,0.40,0.088
25009205800,0.42,0.093
25017368600,0.28,0.061
25017342300,0.45,0.100
25009251500,0.40,0.089
25025110607,0.48,0.105
25017354000,0.22,0.048
25017339900,0.50,0.110
25025101002,0.39,0.086
25013811600,0.39,0.085
25005640300,0.43,0.095
25017354500,0.34,0.075
25021418102,0.30,0.066
25021422501,0.40,0.087
25013811800,0.41,0.090
25027761100,0.50,0.109
25017368400,0.33,0.072
25009252101,0.44,0.095
25011041400,0.40,0.087
25025050101,0.36,0.077
25025090901,0.27,0.059
25017383200,0.48,0.103
25023510501,0.46,0.100
25005641400,0.43,0.093
25025081900,0.42,0.090
25025000601,0.35,0.077
25027707300,0.33,0.072
25017351404,0.36,0.077
25025120500,0.38,0.081
25027757200,0.36,0.077
25027732201,0.34,0.072
25005614000,0.37,0.080
25025090400,0.73,0.156
25017312300,0.46,0.097
25025091001,0.40,0.086
25027754300,0.42,0.091
25009221400,0.35,0.074
25017310200,0.61,0.131
25025100800,0.46,0.097
25009260600,0.50,0.107
25009221700,0.41,0.087
25005630102,0.34,0.072
25021400500,0.34,0.073
25023510800,0.47,0.099
25017352900,0.42,0.090
25009206600,0.41,0.086
25025091300,0.54,0.114
25003900300,0.53,0.112
25025080900,0.38,0.080
25025130100,0.45,0.094
25017353600,0.34,0.073
25027710800,0.39,0.082
25025160501,0.38,0.079
25017373300,0.54,0.114
25023530500,0.46,0.097
25025100500,0.47,0.100
25017311100,0.53,0.111
25017342500,0.42,0.089
25027732801,0.38,0.080
25017341700,0.54,0.113
25021422302,0.32,0.066
25017342202,0.43,0.089
25017350400,0.42,0.087
25021417502,0.35,0.074
25013810200,0.65,0.137
25025000402,0.43,0.090
25015821904,0.30,0.062
25009268300,0.36,0.076
25025100300,0.60,0.125
25013800900,0.38,0.078
25025090300,0.58,0.121
25025130404,0.41,0.085
25025101001,0.53,0.111
25025040200,0.45,0.093
25023520202,0.40,0.082
25023510700,0.59,0.121
25027711000,0.48,0.099
25009250300,0.53,0.110
25017339700,0.38,0.079
25013801502,0.53,0.111
25025140300,0.52,0.107
25027757100,0.37,0.076
25005645101,0.48,0.100
25017351100,0.36,0.075
25021422502,0.48,0.098
25009251600,0.47,0.097
25005650900,0.52,0.106
25013802200,0.47,0.096
25027710100,0.35,0.072
25017354700,0.44,0.091
25023523100,0.66,0.136
25025081500,0.55,0.113
25017321400,0.64,0.130
25025040300,0.32,0.065
25017339300,0.47,0.096
25021400400,0.39,0.080
25009204400,0.31,0.063
25027709202,0.33,0.066
25025051000,0.39,0.080
25017384001,0.65,0.132
25027761200,0.37,0.076
25013811400,0.31,0.063
25017350800,0.35,0.071
25023545300,0.47,0.095
25027731900,0.36,0.073
25005650600,0.41,0.083
25021417702,0.51,0.104
25017342102,0.39,0.080
25001012602,0.54,0.108
25013813209,0.40,0.081
25009205100,0.65,0.131
25017311300,0.43,0.087
25005610100,0.46,0.092
25025100400,0.53,0.107
25005651400,0.41,0.083
25005655200,0.54,0.108
25017370102,0.34,0.067
25009210300,0.28,0.056
25017310602,0.48,0.097
25023525203,0.44,0.087
25015822300,0.39,0.077
25025170800,0.57,0.113
25003900600,0.40,0.078
25025000201,0.41,0.081
25027732901,0.43,0.084
25027730402,0.51,0.100
25025091100,0.44,0.087
25025120600,0.46,0.091
25009204600,0.43,0.085
25027732700,0.43,0.085
25005652600,0.50,0.098
25013810800,0.34,0.067
25017342600,0.46,0.089
25023510400,0.55,0.107
25027716200,0.43,0.084
25017333300,0.41,0.080
25025091200,0.47,0.092
25017354800,0.33,0.064
25017310500,0.57,0.111
25017383300,0.46,0.090
25017368800,0.41,0.080
25017339600,0.50,0.098
25021413402,0.39,0.076
25027755100,0.38,0.075
25003922100,0.43,0.085
25005652700,0.42,0.082
25013801402,0.64,0.125
25023502101,0.49,0.094
25025000302,0.48,0.094
25017370400,0.44,0.086
25013812201,0.41,0.079
25017351403,0.43,0.084
25023510200,0.66,0.128
25017312400,0.37,0.071
25027710600,0.53,0.103
25013810300,0.64,0.123
25027731204,0.44,0.084
25027731300,0.44,0.086
25017384002,0.25,0.048
25017350600,0.46,0.090
25027709400,0.40,0.078
25027732002,0.36,0.069
25003921300,0.42,0.080
25017310700,0.43,0.082
25017341902,0.33,0.064
25025180400,0.53,0.102
25009206300,0.53,0.102
25027742402,0.46,0.089
25027756101,0.47,0.091
25025090700,0.44,0.084
25023510503,0.30,0.058
25017353300,0.41,0.078
25017383501,0.28,0.054
25025130402,0.57,0.109
25017352400,0.42,0.079
25025091400,0.48,0.092
25009210700,0.38,0.072
25017315401,0.33,0.064
25021418200,0.39,0.075
25013800202,0.62,0.117
25021456302,0.40,0.076
25025160101,0.52,0.099
25017310400,0.60,0.114
25009252400,0.48,0.090
25025091600,0.58,0.110
25027722100,0.56,0.106
25011040701,0.44,0.084
25025100700,0.44,0.082
25023500103,0.37,0.069
25017310601,0.43,0.080
25003900900,0.62,0.117
25025101102,0.51,0.096
25017317302,0.40,0.076
25009260401,0.50,0.095
25025000202,0.51,0.096
25005651200,0.36,0.067
25025090200,0.54,0.102
25009205200,0.51,0.096
25017342201,0.42,0.079
25015820102,0.45,0.085
25021400600,0.41,0.076
25009211401,0.40,0.075
25021421100,0.62,0.116
25021417602,0.44,0.081
25023502200,0.47,0.088
25017351000,0.37,0.068
25017314101,0.65,0.120
25017321300,0.43,0.080
25009250400,0.55,0.101
25005642400,0.54,0.100
25017312100,0.43,0.079
25015820801,0.46,0.085
25027731800,0.43,0.080
25027732500,0.45,0.083
25027709702,0.46,0.085
25027710500,0.42,0.077
25009261102,0.41,0.075
25025092400,0.50,0.091
25027731102,0.53,0.096
25003921500,0.57,0.104
25021413401,0.44,0.081
25015821601,0.35,0.065
25023545200,0.52,0.094
25025091800,0.64,0.116
25001014800,0.41,0.074
25017373100,0.58,0.107
25027732202,0.59,0.108
25025060700,0.51,0.094
25017339400,0.49,0.090
25005651100,0.53,0.098
25009208200,0.59,0.108
25009250700,0.60,0.109
25013811302,0.42,0.077
25013802300,0.58,0.106
25009205500,0.51,0.092
25017311500,0.63,0.114
25013800700,0.60,0.108
25027749200,0.62,0.113
25027726200,0.38,0.069
25021401000,0.49,0.088
25025060200,0.49,0.088
25001012101,0.50,0.090
25025170300,0.43,0.078
25017350900,0.40,0.072
25009253100,0.53,0.095
25017311700,0.54,0.098
25025000100,0.49,0.087
25017356701,0.26,0.046
25013812103,0.38,0.068
25021418004,0.36,0.065
25025091900,0.65,0.116
25009205600,0.51,0.092
25001010100,0.24,0.043
25017341500,0.53,0.095
25009204102,0.38,0.068
25005640400,0.52,0.093
25013813207,0.53,0.096
25011040502,0.44,0.080
25009206500,0.52,0.093
25021420301,0.63,0.112
25017339500,0.53,0.094
25009266200,0.49,0.087
25025101101,0.67,0.119
25021456200,0.55,0.099
25021417200,0.42,0.074
25027731001,0.51,0.091
25001014100,0.61,0.108
25027754200,0.45,0.080
25009251300,0.48,0.084
25027730902,0.66,0.117
25013813208,0.55,0.097
25015820500,0.51,0.091
25023542300,0.47,0.082
25021400700,0.52,0.092
25027744300,0.41,0.073
25021417801,0.67,0.119
25027739200,0.42,0.075
25013811101,0.44,0.078
25025051101,0.58,0.103
25017317301,0.48,0.085
25009220102,0.57,0.101
25017373200,0.42,0.074
25023511600,0.46,0.081
25017354400,0.51,0.089
25005650500,0.64,0.112
25021417400,0.69,0.121
25017357300,0.50,0.088
25009205900,0.55,0.096
25023502102,0.57,0.099
25017333502,0.45,0.078
25013801501,0.67,0.117
25009210400,0.50,0.088
25009202102,0.48,0.083
25027709701,0.40,0.070
25017383600,0.51,0.089
25027726100,0.64,0.111
25009204702,0.48,0.083
25025180200,0.54,0.094
25017357700,0.41,0.071
25017383502,0.50,0.087
25005600202,0.48,0.084
25025160602,0.43,0.074
25009260800,0.48,0.083
25023521102,0.56,0.096
25017382500,0.51,0.088
25025140400,0.49,0.085
25017385201,0.55,0.094
25003922200,0.51,0.087
25025092101,0.53,0.091
25017337101,0.61,0.105
25009252300,0.49,0.083
25023544200,0.54,0.092
25025170601,0.47,0.081
25017350200,0.48,0.081
25001011801,0.51,0.088
25005613700,0.46,0.079
25017352800,0.35,0.060
25017337201,0.39,0.067
25017342101,0.52,0.089
25025110501,0.53,0.091
25027703300,0.54,0.091
25013812701,0.51,0.087
25009253202,0.36,0.062
25023500104,0.55,0.094
25021419800,0.52,0.088
25005652100,0.68,0.116
25023521202,0.67,0.114
25027754400,0.55,0.093
25025100900,0.56,0.095
25017337300,0.54,0.091
25017368901,0.53,0.090
25005652000,0.55,0.093
25027737200,0.43,0.073
25005640100,0.55,0.094
25009221300,0.61,0.104
25015820300,0.56,0.095
25013801401,0.60,0.101
25009221901,0.54,0.090
25027730802,0.68,0.115
25027703100,0.53,0.090
25025110301,0.47,0.079
25027730200,0.56,0.094
25027750300,0.59,0.099
25025092000,0.59,0.099
25013812403,0.57,0.096
25017333200,0.57,0.096
25005640200,0.44,0.073
25025091500,0.52,0.086
25013811200,0.52,0.087
25005640600,0.46,0.077
25023511200,0.51,0.085
25005641800,0.44,0.074
25005641700,0.65,0.109
25023530300,0.44,0.074
25023521101,0.62,0.103
25013802100,0.52,0.086
25025180500,0.45,0.075
25009266300,0.46,0.076
25027730700,0.53,0.088
25009208400,0.67,0.111
25017316300,0.41,0.068
25027709502,0.51,0.085
25021402400,0.53,0.088
25005652500,0.56,0.092
25015821901,0.51,0.084
25009268400,0.59,0.098
25027710300,0.71,0.117
25017312000,0.54,0.089
25001012502,0.49,0.081
25027737100,0.54,0.089
25025110403,0.56,0.092
25013810700,0.51,0.084
25013810403,0.39,0.064
25005651500,0.57,0.093
25009215102,0.74,0.122
25017321200,0.49,0.081
25013800400,0.56,0.092
25005653301,0.60,0.098
25001010400,0.54,0.088
25027757400,0.68,0.111
25001015002,0.46,0.075
25027733000,0.54,0.089
25009261000,0.55,0.090
25027731002,0.42,0.069
25013813101,0.59,0.097
25009208102,0.64,0.105
25005652800,0.67,0.110
25005640500,0.53,0.085
25025090100,0.51,0.084
25027707500,0.45,0.074
25003900700,0.59,0.096
25009253201,0.48,0.078
25017356300,0.37,0.060
25013812104,0.48,0.078
25001013900,0.62,0.101
25017363102,0.42,0.067
25027731101,0.52,0.084
25021413200,0.46,0.074
25017337202,0.57,0.093
25001012200,0.76,0.122
25017368101,0.58,0.093
25005650300,0.53,0.086
25017341600,0.51,0.083
25013812901,0.66,0.107
25021456401,0.76,0.122
25005641600,0.61,0.098
25009211200,0.48,0.078
25009251800,0.52,0.083
25013810404,0.62,0.099
25017335200,0.60,0.096
25009251400,0.60,0.097
25021420202,0.52,0.083
25027703200,0.59,0.095
25013801300,0.63,0.101
25013801800,0.59,0.095
25017357500,0.50,0.080
25025170100,0.46,0.073
25005655100,0.69,0.111
25003935300,0.53,0.085
25021410400,0.51,0.082
25025090600,0.58,0.092
25009252201,0.64,0.102
25023506102,0.59,0.095
25003926100,0.61,0.097
25017341101,0.60,0.095
25017336100,0.57,0.091
25027710400,0.57,0.090
25013802602,0.49,0.078
25027750100,0.55,0.088
25021422200,0.40,0.064
25005652300,0.49,0.078
25009217300,0.47,0.074
25025081700,0.51,0.081
25017315200,0.56,0.089
25023521201,0.55,0.087
25011041000,0.66,0.105
25017313102,0.66,0.105
25017314102,0.53,0.083
25009267101,0.53,0.083
25005650700,0.47,0.075
25027732302,0.57,0.090
25023530100,0.55,0.087
25009266400,0.50,0.079
25017321100,0.48,0.076
25005650400,0.54,0.085
25009251700,0.48,0.075
25001012001,0.45,0.070
25017314200,0.63,0.099
25013800300,0.62,0.097
25027758101,0.57,0.089
25005631300,0.48,0.075
25009260700,0.53,0.083
25017333600,0.41,0.065
25021413500,0.50,0.078
25021402102,0.52,0.082
25017312502,0.60,0.094
25027732802,0.59,0.092
25019950307,0.61,0.095
25027711100,0.67,0.104
25017321500,0.53,0.083
25021404202,0.73,0.113
25009203302,0.57,0.088
25027700100,0.64,0.099
25009207100,0.48,0.075
25009252601,0.61,0.095
25009223200,0.45,0.070
25005655300,0.60,0.093
25005646104,0.65,0.101
25017356702,0.51,0.080
25015821400,0.71,0.110
25009211100,0.55,0.085
25009210900,0.45,0.069
25023530200,0.56,0.086
25017312200,0.59,0.092
25025120301,0.52,0.080
25015822605,0.66,0.101
25021400300,0.63,0.097
25021422301,0.83,0.128
25023511302,0.73,0.112
25005613100,0.61,0.094
25027732600,0.52,0.079
25005652400,0.54,0.083
25025110601,0.68,0.105
25017322300,0.48,0.073
25017335301,0.43,0.065
25013813802,0.65,0.099
25023545100,0.57,0.087
25009204101,0.42,0.064
25009221800,0.70,0.107
25023506203,0.69,0.105
25021417100,0.63,0.096
25017335100,0.58,0.088
25009260402,0.57,0.087
25005650202,0.62,0.094
25017321600,0.54,0.083
25005610204,0.58,0.088
25003923100,0.57,0.086
25027739300,0.55,0.083
25027712101,0.58,0.088
25003900400,0.66,0.100
25011041100,0.57,0.086
25017370101,0.51,0.077
25017361100,0.59,0.090
25017373400,0.63,0.095
25009268200,0.53,0.080
25009250500,0.79,0.120
25013811900,0.69,0.104
25009221902,0.56,0.085
25027740200,0.58,0.088
25025120103,0.62,0.094
25027737300,0.56,0.085
25013810100,0.62,0.094
25001012601,0.63,0.095
25021403500,0.68,0.102
25017327102,0.55,0.082
25017334100,0.66,0.099
25021417501,0.50,0.075
25023530802,0.56,0.084
25027747102,0.61,0.091
25009217500,0.53,0.079
25023511500,0.47,0.071
25009254200,0.47,0.070
25017316500,0.64,0.096
25009250200,0.61,0.091
25017317101,0.50,0.075
25013812101,0.69,0.104
25017332300,0.64,0.095
25009210600,0.54,0.081
25025140107,0.53,0.079
25027753100,0.59,0.088
25003900500,0.74,0.110
25011040702,0.56,0.084
25017322200,0.50,0.075
25027730100,0.62,0.091
25017325100,0.50,0.074
25009206400,0.58,0.085
25027710200,0.49,0.073
25005651001,0.52,0.077
25017313101,0.61,0.090
25017336402,0.55,0.082
25005646101,0.67,0.099
25017373800,0.67,0.099
25009221600,0.54,0.080
25021402500,0.53,0.079
25005985500,0.72,0.106
25005631700,0.71,0.105
25013811301,0.51,0.076
25017332200,0.46,0.069
25023525101,0.59,0.087
25025180301,0.71,0.104
25011040501,0.61,0.090
25021419100,0.63,0.093
25009210500,0.70,0.103
25027709100,0.68,0.100
25023540102,0.52,0.076
25023540101,0.60,0.088
25009252501,0.74,0.109
25001011300,0.73,0.107
25023509102,0.53,0.078
25017339200,0.74,0.109
25021412200,0.59,0.087
25017370201,0.47,0.069
25015821000,0.56,0.081
25027736200,0.63,0.092
25005613400,0.70,0.102
25009260302,0.73,0.107
25009250600,0.61,0.088
25027732400,0.63,0.092
25017317203,0.59,0.086
25027742300,0.36,0.053
25013810902,0.50,0.073
25017339100,0.50,0.073
25005613600,0.50,0.072
25005653101,0.55,0.080
25005650101,0.64,0.093
25025092300,0.67,0.097
25017356500,0.60,0.087
25005654200,0.59,0.086
25027733102,0.52,0.075
25023560100,0.66,0.096
25025100100,0.53,0.077
25005640700,0.75,0.109
25001013600,0.77,0.111
25009260301,0.59,0.086
25021420302,0.60,0.086
25015821602,0.49,0.072
25017385202,0.50,0.072
25009260500,0.73,0.105
25023545400,0.53,0.077
25017360100,0.85,0.122
25027739100,0.58,0.084
25025092200,0.65,0.094
25025130300,0.67,0.096
25005651002,0.59,0.085
25017338200,0.48,0.069
25021402101,0.62,0.089
25025170200,0.51,0.074
25021441203,0.63,0.090
25017388200,0.68,0.098
25027733101,0.55,0.079
25027759100,0.64,0.091
25019950200,0.52,0.074
25015822601,0.65,0.093
25021419600,0.57,0.081
25017351203,0.45,0.064
25017332400,0.55,0.078
25001012700,0.74,0.106
25009264100,0.69,0.098
25005645103,0.78,0.112
25009218100,0.63,0.089
25013811102,0.55,0.078
25017360200,0.66,0.094
25023530700,0.49,0.070
25005630400,0.44,0.062
25023508200,0.80,0.113
25021419300,0.52,0.073
25023524102,0.68,0.097
25009252603,0.70,0.100
25011040800,0.48,0.068
25021419400,0.59,0.084
25015821300,0.57,0.081
25005611202,0.57,0.081
25001013300,0.56,0.079
25009208300,0.65,0.092
25023525104,0.89,0.126
25007200100,0.64,0.090
25009217201,0.57,0.081
25023525204,0.87,0.123
25017318200,0.67,0.094
25025140105,0.70,0.099
25027735200,0.63,0.088
25009252202,0.82,0.116
25021411301,0.82,0.115
25013801603,0.62,0.088
25023524101,0.74,0.104
25027751102,0.78,0.110
25001010900,0.49,0.069
25021415300,0.86,0.121
25021421200,0.80,0.112
25021416101,0.77,0.108
25017364102,0.66,0.092
25027707100,0.60,0.084
25017334200,0.65,0.091
25011040300,0.74,0.103
25023506204,0.63,0.087
25005650201,0.64,0.090
25013812002,0.59,0.082
25003913100,0.51,0.071
25025120105,0.77,0.108
25025130200,0.61,0.085
25023500101,0.62,0.086
25021420201,0.79,0.110
25023520100,0.59,0.082
25009270100,0.67,0.093
25017336200,0.78,0.109
25027758102,0.75,0.104
25005985600,0.71,0.098
25017364101,0.70,0.098
25017358300,0.56,0.078
25027744200,0.58,0.080
25021410300,0.52,0.072
25027732301,0.57,0.079
25017359300,0.75,0.104
25027761300,0.74,0.102
25023510600,0.82,0.113
25003912100,0.64,0.089
25021415102,0.52,0.072
25013812500,0.52,0.072
25027744400,0.67,0.092
25027728200,0.71,0.099
25017374500,0.70,0.097
25021456102,0.52,0.072
25017327103,0.73,0.101
25017354200,0.68,0.093
25005640800,0.63,0.088
25017357200,0.90,0.124
25021402200,0.72,0.100
25025140202,0.62,0.086
25017330200,0.55,0.076
25001014402,0.70,0.096
25017370202,0.54,0.074
25025091700,0.59,0.082
25009265101,0.63,0.087
25005614101,0.51,0.069
25023509101,0.78,0.106
25021422600,0.70,0.097
25013813403,0.66,0.090
25021401200,0.64,0.087
25025100200,0.61,0.084
25005615100,0.79,0.108
25021457100,0.70,0.096
25021442202,0.58,0.079
25001013700,0.57,0.078
25021412100,0.75,0.102
25009209100,0.72,0.099
25021422400,0.47,0.065
25021419700,0.61,0.084
25003932300,0.61,0.083
25001014300,0.79,0.108
25009208101,0.65,0.089
25017314301,0.60,0.082
25027701100,0.64,0.087
25017374800,0.61,0.084
25005652200,0.73,0.099
25005611102,0.67,0.091
25005651600,0.61,0.083
25027709501,0.88,0.119
25005642300,0.76,0.102
25013813206,0.68,0.093
25005653203,0.67,0.091
25017301101,0.65,0.088
25027721102,0.68,0.091
25017322400,0.63,0.085
25023530400,0.73,0.099
25005655400,0.55,0.074
25017317201,0.94,0.128
25023508102,0.65,0.088
25015821100,0.52,0.071
25017340100,0.70,0.094
25013811000,0.60,0.081
25023520201,0.61,0.083
25011041200,0.59,0.080
25013801605,0.63,0.085
25023506101,0.81,0.109
25017320103,0.59,0.079
25013813404,0.82,0.110
25017373600,0.77,0.104
25009265102,0.68,0.091
25023530801,0.68,0.092
25001011600,0.44,0.059
25009202101,0.77,0.103
25027730600,0.63,0.085
25023505200,0.65,0.086
25003934200,0.77,0.103
25009217202,0.64,0.086
25003933300,0.65,0.087
25017373900,0.72,0.096
25021422800,0.50,0.067
25013813702,0.71,0.094
25027706100,0.69,0.092
25009262100,0.66,0.088
25003901100,0.60,0.079
25021415200,0.61,0.081
25027736400,0.63,0.084
25023503102,0.78,0.104
25005631800,0.57,0.076
25003920102,0.63,0.084
25015820900,0.64,0.085
25013812401,0.80,0.106
25017318100,0.72,0.095
25005642200,0.63,0.083
25017374700,0.60,0.079
25027757500,0.55,0.073
25027709201,0.59,0.078
25017368200,0.59,0.078
25027735100,0.61,0.080
25027738202,0.71,0.094
25021419500,0.78,0.103
25005611201,0.76,0.100
25021413100,0.63,0.082
25027730300,0.46,0.061
25027736300,0.67,0.088
25017327101,0.84,0.110
25005633200,0.82,0.107
25005600100,0.57,0.074
25003900800,0.90,0.119
25001013200,0.78,0.103
25005653304,0.84,0.110
25017334400,0.59,0.077
25019950400,0.66,0.086
25009203301,0.57,0.074
25005600204,0.77,0.101
25009220101,0.49,0.065
25015821700,0.61,0.079
25027720100,0.89,0.116
25017374100,0.54,0.070
25017359100,0.62,0.081
25021416300,0.75,0.098
25013813204,0.86,0.111
25015821500,0.65,0.084
25027754100,0.70,0.091
25011040900,0.74,0.096
25005612200,0.60,0.077
25015820700,0.72,0.093
25009217100,0.59,0.076
25015820101,0.71,0.091
25009216100,0.72,0.093
25005650800,0.59,0.077
25009252602,0.65,0.084
25023508101,0.64,0.083
25009223300,0.70,0.091
25013800500,0.78,0.100
25005611101,0.74,0.096
25009254403,0.90,0.116
25017326102,0.77,0.100
25017357800,0.82,0.105
25009254100,0.57,0.073
25017333400,0.59,0.076
25001012002,0.51,0.065
25005645102,0.77,0.099
25021416102,0.65,0.084
25017383800,0.79,0.102
25003914100,0.63,0.081
25021411200,0.80,0.103
25005613300,0.71,0.091
25003935200,0.74,0.095
25009210100,0.84,0.108
25003922300,0.69,0.089
25013802601,0.79,0.101
25023505101,0.84,0.108
25009252102,0.78,0.100
25009201100,0.58,0.074
25017315403,0.86,0.110
25027738201,0.64,0.082
25021414100,0.72,0.092
25021419200,0.65,0.083
25013813205,0.57,0.073
25005631200,0.73,0.093
25023542200,0.71,0.090
25027707400,0.59,0.075
25027716100,0.49,0.063
25023542102,0.61,0.078
25017311600,0.66,0.084
25013801602,0.62,0.078
25021422700,0.66,0.084
25009205700,0.72,0.092
25005644200,0.67,0.085
25017324101,0.73,0.092
25005616100,0.75,0.095
25009221100,0.64,0.081
25005614102,0.64,0.080
25023501202,0.58,0.073
25027738100,0.58,0.073
25023542101,0.79,0.099
25017363202,0.75,0.095
25017374400,0.82,0.103
25009202200,0.81,0.102
25005631100,0.57,0.071
25027753200,0.58,0.072
25017387201,0.82,0.103
25009269100,0.63,0.080
25013812800,0.58,0.072
25017336300,0.72,0.090
25017358600,0.78,0.098
25001010304,0.70,0.087
25021420100,0.74,0.092
25017338300,0.68,0.084
25001011500,0.60,0.075
25003931300,0.67,0.083
25017316201,0.85,0.106
25009205300,0.69,0.086
25027708100,0.69,0.086
25013813601,0.69,0.086
25021404100,0.77,0.095
25013812600,0.75,0.093
25017331101,0.73,0.091
25021413300,0.68,0.085
25009211300,0.81,0.100
25017368102,0.71,0.088
25023523201,0.72,0.089
25027760100,0.55,0.068
25021442102,0.64,0.079
25013800201,0.69,0.086
25001011100,0.77,0.095
25013810412,0.67,0.083
25009254401,0.81,0.100
25017374000,0.80,0.099
25009217600,0.72,0.089
25023503101,0.85,0.105
25009215101,0.74,0.091
25017383700,0.79,0.097
25021441204,0.70,0.087
25023501201,0.84,0.104
25023511301,0.67,0.082
25009223100,0.59,0.073
25027724100,0.55,0.067
25013812902,0.73,0.089
25001013400,0.77,0.094
25005613902,0.62,0.076
25013801700,0.64,0.078
25027755200,0.71,0.086
25023544100,0.81,0.098
25025140102,0.64,0.078
25017333100,0.61,0.074
25027745100,0.72,0.087
25023511100,0.86,0.104
25013813301,0.86,0.105
25003920101,0.63,0.077
25001012800,0.75,0.091
25001010306,0.71,0.086
25021404400,0.62,0.075
25005630300,0.72,0.087
25021401100,0.80,0.097
25027729200,0.66,0.080
25021408102,0.71,0.086
25017367100,0.91,0.110
25005610203,0.73,0.089
25021457200,0.80,0.097
25027736100,0.71,0.085
25007200200,0.63,0.076
25027705100,0.69,0.083
25017312501,0.71,0.085
25013800101,0.52,0.063
25001014500,0.72,0.087
25005654100,0.74,0.090
25001013002,0.72,0.087
25005633100,0.80,0.096
25017356400,0.69,0.083
25021411100,0.60,0.072
25017356602,0.59,0.070
25017335302,0.58,0.069
25001010208,0.61,0.073
25013801601,0.66,0.079
25027727100,0.80,0.095
25017337102,0.66,0.079
25009252502,0.75,0.089
25017357400,0.72,0.087
25015822500,0.79,0.095
25017338100,0.83,0.099
25001013800,0.70,0.084
25027739500,0.89,0.106
25015820203,0.63,0.075
25009266100,0.69,0.082
25017300100,0.75,0.089
25023530902,0.69,0.083
25023511701,0.77,0.091
25021423100,0.75,0.089
25017382200,0.74,0.088
25009254301,0.90,0.107
25001011200,0.71,0.085
25017317102,0.68,0.080
25015822200,0.73,0.087
25021416200,0.78,0.093
25027712102,0.75,0.090
25015822401,0.83,0.098
25003925100,0.61,0.072
25027748100,0.64,0.076
25027730801,0.80,0.094
25005646103,0.76,0.090
25017331300,0.86,0.102
25017316102,0.81,0.096
25017330100,0.81,0.095
25005650102,0.51,0.060
25017374200,0.84,0.099
25017386100,0.85,0.100
25023526100,0.61,0.071
25021403300,0.89,0.104
25027728400,0.75,0.089
25017320104,0.82,0.096
25017373700,0.92,0.108
25003924100,0.64,0.075
25027713100,0.70,0.082
25013802400,0.70,0.082
25001012102,0.56,0.066
25027749100,0.75,0.088
25027740102,0.82,0.096
25021410100,0.61,0.072
25013812404,0.81,0.095
25017334300,0.86,0.100
25013802500,0.78,0.091
25017324102,0.67,0.078
25023501102,0.64,0.074
25017335400,0.73,0.084
25013813602,0.87,0.101
25001015200,0.68,0.079
25027744101,0.58,0.068
25027730901,0.76,0.089
25005642500,0.53,0.062
25023501101,0.79,0.092
25017385100,0.71,0.082
25009253203,0.81,0.093
25017366100,0.68,0.079
25013813701,0.68,0.078
25023523202,0.70,0.081
25001014700,0.71,0.082
25021404302,0.78,0.090
25017331102,0.80,0.092
25017366201,0.94,0.108
25009222100,0.65,0.074
25017314302,0.82,0.094
25013813102,0.82,0.094
25001010600,0.69,0.079
25001010206,0.58,0.066
25027725100,0.58,0.067
25009214100,0.84,0.096
25013810414,0.70,0.080
25017316202,0.78,0.089
25017361200,0.66,0.075
25017326101,0.81,0.093
25021404201,0.90,0.102
25017318400,0.79,0.090
25023511702,0.67,0.076
25001010800,0.77,0.088
25021406102,0.83,0.094
25027736500,0.62,0.070
25021403400,0.73,0.082
25009211402,0.62,0.070
25005644101,0.77,0.087
25017382400,0.62,0.070
25017374300,0.89,0.100
25005653102,0.87,0.098
25001014002,0.69,0.078
25027747101,0.65,0.074
25017363103,0.69,0.077
25003934300,0.74,0.083
25001015100,0.58,0.065
25009203100,0.92,0.103
25017382300,0.80,0.090
25009261101,0.76,0.086
25015820204,0.84,0.095
25011041502,0.58,0.065
25023507103,0.86,0.097
25013813500,0.80,0.090
25017317202,0.91,0.102
25017332100,0.94,0.105
25009267102,0.67,0.075
25021411302,0.72,0.081
25017315402,0.84,0.094
25017363104,0.81,0.090
25009254302,0.83,0.093
25023540103,0.93,0.103
25021442201,0.69,0.077
25017383901,0.78,0.086
25001014600,0.79,0.087
25015822603,0.77,0.086
25021442101,0.74,0.082
25021416400,0.82,0.091
25027750200,0.77,0.085
25021422100,0.71,0.078
25017318300,0.84,0.092
25017387100,0.81,0.090
25027739400,0.66,0.073
25023506202,0.73,0.080
25017382602,0.69,0.075
25005617102,0.73,0.080
25005617101,0.83,0.091
25021403100,0.90,0.099
25001014900,0.71,0.078
25001010700,0.65,0.071
25027741102,0.86,0.094
25017388100,0.57,0.062
25021414200,0.94,0.103
25013801604,0.78,0.085
25027746100,0.81,0.088
25019950100,0.70,0.076
25023530901,0.72,0.078
25013813801,0.56,0.060
25017358500,0.80,0.087
25013813401,0.75,0.081
25001011700,0.60,0.065
25001010500,0.76,0.082
25023505102,0.80,0.087
25015822606,0.57,0.062
25009205400,0.75,0.081
25017367200,0.85,0.092
25023507101,0.85,0.092
25017363201,0.87,0.095
25027702200,0.71,0.077
25017358400,0.76,0.082
25017369100,0.75,0.081
25017373500,0.84,0.090
25017382100,0.85,0.091
25001011002,0.65,0.069
25017333501,0.67,0.072
25005632200,0.72,0.077
25005612100,0.75,0.080
25001015001,0.69,0.074
25017365100,0.93,0.099
25021408101,0.90,0.095
25017338500,0.83,0.088
25017315500,0.80,0.085
25013810602,0.83,0.088
25021402300,0.82,0.087
25017357100,0.65,0.069
25021443101,0.73,0.077
25027717100,0.61,0.064
25017361300,0.89,0.094
25023522102,0.71,0.075
25027741101,0.73,0.077
25013813304,0.93,0.098
25017316400,0.81,0.086
25017374600,0.66,0.070
25021407100,0.72,0.076
25021414300,0.68,0.071
25027756102,0.80,0.084
25023522101,0.82,0.085
25017331200,0.81,0.084
25005653204,0.79,0.082
25021443102,0.68,0.070
25021440100,0.57,0.059
25001011400,0.68,0.070
25017358100,0.83,0.086
25023541100,0.86,0.089
25009263100,0.81,0.083
25027728100,0.78,0.080
25011041501,0.66,0.068
25021415101,0.76,0.078
25017356601,0.49,0.050
25009210200,0.74,0.075
25001013100,0.80,0.081
25027751101,0.80,0.081
25009268100,0.93,0.094
25021456101,0.84,0.085
25017323100,0.81,0.083
25017301102,0.83,0.084
25019950500,0.72,0.073
25015820202,0.78,0.078
25021409101,0.87,0.087
25003931100,0.78,0.078
25027719100,0.76,0.076
25023507104,0.73,0.073
25005600203,0.87,0.086
25005610202,0.83,0.082
25003933200,0.73,0.073
25009212100,0.69,0.069
25005644102,0.77,0.077
25005630200,0.83,0.082
25027728300,0.72,0.071
25021442103,0.90,0.089
25009209200,0.85,0.084
25027740101,0.81,0.080
25017317103,0.96,0.095
25023530600,0.76,0.075
25017365202,0.75,0.074
25017322100,0.82,0.080
25009254402,0.87,0.084
25027744102,0.75,0.073
25027723100,0.65,0.063
25001013500,0.84,0.082
25017315100,0.80,0.077
25017362100,0.95,0.093
25003911100,0.71,0.069
25013813303,0.82,0.080
25023504102,0.92,0.089
25001012900,0.79,0.076
25005632100,0.82,0.079
25021412300,0.77,0.074
25009203200,0.69,0.066
25001011802,0.67,0.063
25021441202,0.95,0.089
25009213100,0.93,0.088
25027743100,0.76,0.072
25023504101,0.78,0.073
25023543100,0.83,0.077
25023561100,0.76,0.071
25027742401,0.93,0.087
25009253205,0.94,0.087
25017358700,0.86,0.079
25017338400,0.93,0.086
25017365201,0.91,0.084
25027704200,0.64,0.058
25017366202,0.79,0.072
25027752100,0.76,0.069
25021406101,0.79,0.071
25007200300,0.72,0.065
25023510100,0.89,0.080
25009253204,0.87,0.077
25021404301,0.96,0.084
25017387202,0.80,0.070
25017316101,0.93,0.081
25021409102,0.79,0.069
25027721101,0.80,0.069
25027715100,0.85,0.072
25021456402,0.89,0.076
25027718100,0.77,0.065
25017383902,0.94,0.079
25017320102,0.81,0.068
25017328100,0.92,0.076
25003931400,0.70,0.057
25015822700,0.62,0.051
25011040400,0.59,0.048
25007200400,0.69,0.056
25027761400,0.77,0.061
25003933400,0.62,0.049
25011040200,0.70,0.055
25003932200,0.65,0.048
25021405100,0.93,0.068
25003935100,0.70,0.051
25011040100,0.56,0.038
25027729100,0.65,0.044
25011040600,0.71,0.043
25013813000,0.76,0.032